Funcion,Algoritmo,Valor_Minimo,Vector_Coordenadas
Funcion_1,Escalada Colinas Dinámica (Paso: 2.0 -> 0.01),6.55607870,[ 0.20688277; 2.39925603; 4.58965964; 6.79674592;10.        ; 2.29631786;  3.50169558; 5.69752393; 7.8989751 ; 8.99444766]
Funcion_2,Escalada Colinas Dinámica (Paso: 2.0 -> 0.01),6.11036574,[-5.59502735;-4.55733838;-3.88899415;-2.92389589;-2.56247298; 0.70428237;  1.50417305; 2.91510752; 3.80244934; 4.20767099]
Funcion_3,Escalada Colinas Dinámica (Paso: 2.0 -> 0.01),0.02345823,[ 2.50338426; 3.39449689; 2.69876556; 4.79846139; 5.69609796;-2.11022762; -3.19243216;-1.90858302;-0.39993472;-5.60156885]
Funcion_4,Escalada Colinas Dinámica (Paso: 2.0 -> 0.01),0.00044113,[ 2.39556382;-3.49221453; 7.79977536;-2.2017722 ; 5.30523841;-6.39017172; -4.88913858;-6.10715839; 8.49201622;-7.70081091]
Funcion_5,Escalada Colinas Dinámica (Paso: 2.0 -> 0.01),0.17391539,[ 1.95859645; 6.77394128;10.        ; 3.07397663; 1.50599724;-3.88817796; -8.15038727; 0.2375779 ;-2.50587721;-4.39367103]
Funcion_6,Escalada Colinas Dinámica (Paso: 2.0 -> 0.01),13.64081608,[-2.4062653 ; 5.76599332; 4.8974906 ;-4.75510115; 7.00144237;-3.94541749; -4.14696228;-4.15732889; 5.36555591; 3.94997739]
Funcion_7,Escalada Colinas Dinámica (Paso: 2.0 -> 0.01),0.00043354,[ 4.0964188 ;-2.19959814; 1.80347816;-3.79708692; 2.89655529; 0.39994284; -4.58854686; 3.29832032;-6.89504479; 7.79115221]
